{
  "__type__": "cc.SpriteFrame",
  "content": {
    "name": "ironskeleton (61)",
    "atlas": "5e0cb268-95b1-4c83-992b-5b7c3a411575",
    "rect": {
      "x": 640,
      "y": 0,
      "width": 320,
      "height": 320
    },
    "offset": {
      "x": 0,
      "y": 0
    },
    "originalSize": {
      "width": 320,
      "height": 320
    },
    "rotated": false,
    "capInsets": [
      0,
      0,
      0,
      0
    ],
    "vertices": {
      "rawPosition": [],
      "indexes": [],
      "uv": [],
      "nuv": [],
      "minPos": {
        "x": 0,
        "y": 0,
        "z": 0
      },
      "maxPos": {
        "x": 0,
        "y": 0,
        "z": 0
      }
    },
    "texture": "54cbe7e0-e376-404d-b3eb-4577dc08e008@6c48a",
    "packable": true,
    "pixelsToUnit": 100,
    "pivot": {
      "x": 0.5,
      "y": 0.5
    },
    "meshType": 0
  }
}