{
  "__type__": "cc.SpriteFrame",
  "content": {
    "name": "burst (1)",
    "atlas": "372a30b9-2c2c-400a-9907-bc667a7aaba6",
    "rect": {
      "x": 0,
      "y": 0,
      "width": 160,
      "height": 160
    },
    "offset": {
      "x": 0,
      "y": 0
    },
    "originalSize": {
      "width": 160,
      "height": 160
    },
    "rotated": false,
    "capInsets": [
      0,
      0,
      0,
      0
    ],
    "vertices": {
      "rawPosition": [],
      "indexes": [],
      "uv": [],
      "nuv": [],
      "minPos": {
        "x": 0,
        "y": 0,
        "z": 0
      },
      "maxPos": {
        "x": 0,
        "y": 0,
        "z": 0
      }
    },
    "texture": "9706a534-7eb7-4e65-b307-239d405c6b04@6c48a",
    "packable": true,
    "pixelsToUnit": 100,
    "pivot": {
      "x": 0.5,
      "y": 0.5
    },
    "meshType": 0
  }
}