{
  "__type__": "cc.SpriteFrame",
  "content": {
    "name": "death (43)",
    "atlas": "071f6e03-71ad-47b4-b0c8-1a5ea7ebde3b",
    "rect": {
      "x": 0,
      "y": 0,
      "width": 320,
      "height": 320
    },
    "offset": {
      "x": 0,
      "y": 0
    },
    "originalSize": {
      "width": 320,
      "height": 320
    },
    "rotated": false,
    "capInsets": [
      0,
      0,
      0,
      0
    ],
    "vertices": {
      "rawPosition": [],
      "indexes": [],
      "uv": [],
      "nuv": [],
      "minPos": {
        "x": 0,
        "y": 0,
        "z": 0
      },
      "maxPos": {
        "x": 0,
        "y": 0,
        "z": 0
      }
    },
    "texture": "93128878-b5d4-40a7-b633-5a6fccbff58e@6c48a",
    "packable": true,
    "pixelsToUnit": 100,
    "pivot": {
      "x": 0.5,
      "y": 0.5
    },
    "meshType": 0
  }
}