{
  "__type__": "cc.SpriteFrame",
  "content": {
    "name": "turn (21)",
    "atlas": "0b4373d5-fc3d-47b1-8ab4-1448669078c6",
    "rect": {
      "x": 640,
      "y": 0,
      "width": 320,
      "height": 320
    },
    "offset": {
      "x": 0,
      "y": 0
    },
    "originalSize": {
      "width": 320,
      "height": 320
    },
    "rotated": false,
    "capInsets": [
      0,
      0,
      0,
      0
    ],
    "vertices": {
      "rawPosition": [],
      "indexes": [],
      "uv": [],
      "nuv": [],
      "minPos": {
        "x": 0,
        "y": 0,
        "z": 0
      },
      "maxPos": {
        "x": 0,
        "y": 0,
        "z": 0
      }
    },
    "texture": "459f7f63-0e4d-4e44-a23e-61284c50de9a@6c48a",
    "packable": true,
    "pixelsToUnit": 100,
    "pivot": {
      "x": 0.5,
      "y": 0.5
    },
    "meshType": 0
  }
}