{
  "__type__": "cc.SpriteFrame",
  "content": {
    "name": "ctrl (6)",
    "atlas": "0d4bbcc3-f346-4cac-9424-63144a385768",
    "rect": {
      "x": 640,
      "y": 277,
      "width": 320,
      "height": 277
    },
    "offset": {
      "x": 0,
      "y": 0
    },
    "originalSize": {
      "width": 320,
      "height": 277
    },
    "rotated": false,
    "capInsets": [
      0,
      0,
      0,
      0
    ],
    "vertices": {
      "rawPosition": [],
      "indexes": [],
      "uv": [],
      "nuv": [],
      "minPos": {
        "x": 0,
        "y": 0,
        "z": 0
      },
      "maxPos": {
        "x": 0,
        "y": 0,
        "z": 0
      }
    },
    "texture": "b46e6855-bf0d-4343-97d8-b5d4b6323501@6c48a",
    "packable": true,
    "pixelsToUnit": 100,
    "pivot": {
      "x": 0.5,
      "y": 0.5
    },
    "meshType": 0
  }
}