{
  "__type__": "cc.SpriteFrame",
  "content": {
    "name": "burst (2)",
    "atlas": "078d1b30-1aa1-4e17-8e39-f97fc48d93e1",
    "rect": {
      "x": 0,
      "y": 0,
      "width": 160,
      "height": 160
    },
    "offset": {
      "x": 0,
      "y": 0
    },
    "originalSize": {
      "width": 160,
      "height": 160
    },
    "rotated": false,
    "capInsets": [
      0,
      0,
      0,
      0
    ],
    "vertices": {
      "rawPosition": [],
      "indexes": [],
      "uv": [],
      "nuv": [],
      "minPos": {
        "x": 0,
        "y": 0,
        "z": 0
      },
      "maxPos": {
        "x": 0,
        "y": 0,
        "z": 0
      }
    },
    "texture": "c852154a-1ded-4a74-bb83-3a43d8ba63dd@6c48a",
    "packable": true,
    "pixelsToUnit": 100,
    "pivot": {
      "x": 0.5,
      "y": 0.5
    },
    "meshType": 0
  }
}